{"dtype": "int16", "state_dict": {"convi.weight": {"shape": [16, 3, 3, 3], "m": 1.1407345173386377e-05, "b": -0.09875326205808044, "offset": 0}, "convi.bias": {"shape": [16], "m": 6.385778363164274e-06, "b": -0.03612634135535578, "offset": 432}, "conv11.weight": {"shape": [16, 16, 3, 3], "m": 2.4389411031461698e-05, "b": -0.19481428902098574, "offset": 448}, "conv11.bias": {"shape": [16], "m": 1.7624363249796191e-06, "b": 0.0036032220356139663, "offset": 2752}, "conv12.weight": {"shape": [16, 16, 3, 3], "m": 1.770552667888713e-05, "b": -0.03582784386141635, "offset": 2768}, "conv12.bias": {"shape": [16], "m": 2.549357145961584e-06, "b": -0.010718508925572065, "offset": 5072}, "conv21.weight": {"shape": [16, 16, 3, 3], "m": 1.4161559292776457e-05, "b": 0.05078412865218973, "offset": 5088}, "conv21.bias": {"shape": [16], "m": 1.1982099278176309e-06, "b": 0.004084370363556515, "offset": 7392}, "conv22.weight": {"shape": [16, 16, 3, 3], "m": 1.99437322593119e-05, "b": -0.12365321516084793, "offset": 7408}, "conv22.bias": {"shape": [16], "m": 2.6987562097374707e-06, "b": -0.013271375667576135, "offset": 9712}, "conv31.weight": {"shape": [16, 16, 3, 3], "m": 1.7360481717934795e-05, "b": -0.03629740296150308, "offset": 9728}, "conv31.bias": {"shape": [16], "m": 1.652366123857105e-06, "b": 0.009007248196106286, "offset": 12032}, "conv32.weight": {"shape": [16, 16, 3, 3], "m": 1.2432004304451615e-05, "b": 0.02510427160327222, "offset": 12048}, "conv32.bias": {"shape": [16], "m": 1.3332546286265504e-06, "b": -0.017537560513589158, "offset": 14352}, "conv41.weight": {"shape": [16, 16, 3, 3], "m": 1.3296048277705887e-05, "b": 0.04972014041763251, "offset": 14368}, "conv41.bias": {"shape": [16], "m": 2.171962685119556e-06, "b": 0.01130833668968416, "offset": 16672}, "conv42.weight": {"shape": [16, 16, 3, 3], "m": 2.5423352635420387e-06, "b": 1.0189512606284534e-05, "offset": 16688}, "conv42.bias": {"shape": [16], "m": 2.164697963168113e-06, "b": -0.006077652644953038, "offset": 18992}, "convo.weight": {"shape": [3, 16, 3, 3], "m": 4.7660959846199805e-06, "b": 0.028844146782809804, "offset": 19008}, "convo.bias": {"shape": [3], "m": 1.0858853891117807e-06, "b": 0.06454527469377888, "offset": 19440}}}