{"dtype": "int8", "state_dict": {"convi.weight": {"shape": [12, 3, 3, 3], "m": 0.002730962947549026, "b": 0.09228768811401805, "offset": 0}, "convi.bias": {"shape": [12], "m": 0.001573531509755732, "b": 0.09889259868925745, "offset": 324}, "econv0a.weight": {"shape": [12, 12, 3, 3], "m": 0.004690704016333659, "b": 0.13515311343890712, "offset": 336}, "econv0a.bias": {"shape": [12], "m": 0.0009400049572462564, "b": 0.04352493334438774, "offset": 1632}, "econv0b.weight": {"shape": [12, 12, 3, 3], "m": 0.0038369460794577606, "b": 0.026184745823008337, "offset": 1644}, "econv0b.bias": {"shape": [12], "m": 0.0008259719497929188, "b": -0.004217266744029016, "offset": 2940}, "econv1a.weight": {"shape": [16, 12, 3, 3], "m": 0.0031826201843878537, "b": 0.055778995343429894, "offset": 2952}, "econv1a.bias": {"shape": [16], "m": 0.0011230871853311918, "b": -0.06932099830224711, "offset": 4680}, "econv1b.weight": {"shape": [16, 16, 3, 3], "m": 0.0030186720882517575, "b": -0.004196825216478961, "offset": 4696}, "econv1b.bias": {"shape": [16], "m": 0.0006760039265900616, "b": -0.025464014294944715, "offset": 7000}, "econv2a.weight": {"shape": [24, 16, 3, 3], "m": 0.0031788663549737616, "b": 0.023604378922955027, "offset": 7016}, "econv2a.bias": {"shape": [24], "m": 0.000981178538204175, "b": -0.05826193260341836, "offset": 10472}, "econv2b.weight": {"shape": [24, 24, 3, 3], "m": 0.003274045475236662, "b": 0.0048532297650535905, "offset": 10496}, "econv2b.bias": {"shape": [24], "m": 0.0007907816412123256, "b": -0.033173758852378915, "offset": 15680}, "econv3a.weight": {"shape": [32, 24, 3, 3], "m": 0.004140929299957898, "b": 0.009260036507431346, "offset": 15704}, "econv3a.bias": {"shape": [32], "m": 0.0027303360227138693, "b": 0.009303314602543467, "offset": 22616}, "econv3b.weight": {"shape": [32, 32, 3, 3], "m": 0.006477517460354456, "b": -0.12210617334913787, "offset": 22648}, "econv3b.bias": {"shape": [32], "m": 0.0022697783246332284, "b": 0.1301171499855664, "offset": 31864}, "dconv2a.weight": {"shape": [32, 24, 4, 4], "m": 0.008102649796514346, "b": -0.279950502341733, "offset": 31896}, "dconv2a.bias": {"shape": [24], "m": 0.002576674640272251, "b": 0.09405030092601685, "offset": 44184}, "dconv2b.weight": {"shape": [24, 48, 1, 1], "m": 0.005434931166692281, "b": -0.09120753365371448, "offset": 44208}, "dconv2b.bias": {"shape": [24], "m": 0.0020906354886957765, "b": -0.05306687822428002, "offset": 45360}, "dconv1a.weight": {"shape": [24, 16, 4, 4], "m": 0.005873978792966067, "b": -0.2555303272310194, "offset": 45384}, "dconv1a.bias": {"shape": [16], "m": 0.00117716272734398, "b": -0.06724247296620012, "offset": 51528}, "dconv1b.weight": {"shape": [16, 32, 1, 1], "m": 0.0040940109938617025, "b": -0.00989699045567538, "offset": 51544}, "dconv1b.bias": {"shape": [16], "m": 0.0014444373934010696, "b": -0.0005160379961858252, "offset": 52056}, "dconv0a.weight": {"shape": [16, 12, 4, 4], "m": 0.008034235454241933, "b": -0.23533630062309885, "offset": 52072}, "dconv0a.bias": {"shape": [12], "m": 0.0007874420383474328, "b": 0.027669231151486492, "offset": 55144}, "dconv0b.weight": {"shape": [12, 24, 1, 1], "m": 0.00652966824955244, "b": -0.15489173964765424, "offset": 55156}, "dconv0b.bias": {"shape": [12], "m": 0.0011403664502094453, "b": 0.05033281219763508, "offset": 55444}, "convo.weight": {"shape": [3, 12, 3, 3], "m": 0.0014412318892905625, "b": 0.016379411778232933, "offset": 55456}, "convo.bias": {"shape": [3], "m": 0.00030526022896100436, "b": -0.006184714531973355, "offset": 55780}}}