{"dtype": "int16", "state_dict": {"convi.weight": {"shape": [16, 3, 3, 3], "m": 1.1607169365729638e-05, "b": -0.01992387366331827, "offset": 0}, "convi.bias": {"shape": [16], "m": 2.7262016243987223e-06, "b": 0.05287419969062544, "offset": 432}, "conv11.weight": {"shape": [16, 16, 3, 3], "m": 1.3529530756779297e-05, "b": -0.03578805959642278, "offset": 448}, "conv11.bias": {"shape": [16], "m": 1.838084477211269e-06, "b": 0.0013406526428550586, "offset": 2752}, "conv12.weight": {"shape": [16, 16, 3, 3], "m": 1.0171057302095838e-05, "b": 0.08570318347291067, "offset": 2768}, "conv12.bias": {"shape": [16], "m": 2.5322271817157038e-06, "b": -0.015392430611777641, "offset": 5072}, "conv21.weight": {"shape": [16, 16, 3, 3], "m": 1.037559731081697e-05, "b": 0.010389121581232896, "offset": 5088}, "conv21.bias": {"shape": [16], "m": 1.7799223629211474e-06, "b": 0.0044142264766080935, "offset": 7392}, "conv22.weight": {"shape": [16, 16, 3, 3], "m": 2.080986174210416e-05, "b": -0.017907824172217257, "offset": 7408}, "conv22.bias": {"shape": [16], "m": 1.8733598751313593e-06, "b": 0.0017026865411779585, "offset": 9712}, "conv31.weight": {"shape": [16, 16, 3, 3], "m": 1.0762608035219887e-05, "b": 0.014679955440751624, "offset": 9728}, "conv31.bias": {"shape": [16], "m": 1.2876688962924631e-06, "b": 0.020825975865102098, "offset": 12032}, "conv32.weight": {"shape": [16, 16, 3, 3], "m": 2.0095018559150293e-05, "b": 0.06646618659695658, "offset": 12048}, "conv32.bias": {"shape": [16], "m": 2.177641901400657e-06, "b": -0.004473156190855795, "offset": 14352}, "conv41.weight": {"shape": [16, 16, 3, 3], "m": 1.5548451330388817e-05, "b": -0.15973821700434576, "offset": 14368}, "conv41.bias": {"shape": [16], "m": 2.454626081226121e-06, "b": -0.012063631958008886, "offset": 16672}, "conv42.weight": {"shape": [16, 16, 3, 3], "m": 2.4260129449356418e-05, "b": -0.27724632568860175, "offset": 16688}, "conv42.bias": {"shape": [16], "m": 1.7279710742993723e-06, "b": 0.012827392385719873, "offset": 18992}, "convo.weight": {"shape": [3, 16, 3, 3], "m": 3.458762770689751e-06, "b": 0.02309187586337616, "offset": 19008}, "convo.bias": {"shape": [3], "m": 2.829954814402144e-07, "b": -0.0169103015847111, "offset": 19440}}}